Product,,,,,,,,,
2, Jacket,453,4,5,6,8,88,23,56
3, Laptop bag,300,9,10,34,32,45,67,
4, Books,250,33,36,38,43,42,103,24
2, Jacket,453,4,5,6,8,88,23,56
3, Laptop bag,300,9,10,34,32,45,67,
4, Books,250,33,36,38,43,42,103,24
2, Jacket,453,4,5,6,8,88,23,56
3, Laptop bag,300,9,10,34,32,45,67,
4, Books,250,33,36,38,43,42,103,24
2, Jacket,453,4,5,6,8,88,23,56
3, Laptop bag,300,9,10,34,32,45,67,
4, Books,250,33,36,38,43,42,103,24
2, Jacket,453,4,5,6,8,88,23,56
3, Laptop bag,300,9,10,34,32,45,67,
4, Books,250,33,36,38,43,42,103,24
2, Jacket,453,4,5,6,8,88,23,56
3, Laptop bag,300,9,10,34,32,45,67,
4, Books,250,33,36,38,43,42,103,24
